ticker,as_of,current_revenue_ttm,current_market_cap,current_ps,hist_median_ps,hist_p75_ps,hist_p90_ps,forward_revenue_estimate,forward_revenue_growth,forward_ps,required_revenue,required_growth,growth_gap,years_to_normalise,expectations_burden_score,expectations_classification,plain_explanation,target_multiple_value,target_multiple_label,valuation_anchor_confidence,valuation_anchor_observation_count,revenue_data_cadence,gross_margin,operating_margin,net_margin,net_debt_to_ebitda,interest_coverage,free_cash_flow_ttm,fcf_margin,cash_conversion,quality_flag,revenue_currency,price_currency,fx_rate_applied,currency_note,revenue_cagr_3y,revenue_cagr_5y,roic,share_count_cagr_3y,buybacks_ttm,dividends_ttm,acquisitions_ttm,price_return_6m,benchmark_symbol,benchmark_return_6m,relative_strength_6m,eps_revisions_up_30d,eps_revisions_down_30d,section,section_target_pct,layer,portfolio_weight,thesis
TPL,2026-07-27T05:19:49.487724+00:00,839025000.0,28930635776.0,34.48125595304073,31.053553104474886,33.758902916131184,35.382112803124954,1094000000.0,0.30389440123953393,26.444822464351006,931636894.4535055,0.11038037538035872,-0.1935140258591752,0.39457499543979735,0.0,Forward Expectations Manageable,Needs 11% growth to look fairly valued by its own history; analysts expect 30% -- the bar is comfortably cleared if the forecast is anywhere close to right.,31.053553104474886,Historical Median Tactical Anchor,low,2,quarterly,0.8553988260182951,0.7442162033312476,0.6002514823753762,-0.32631309169920736,629.4516129032259,42581000.0,0.05075057358243199,0.0845488517272738,Solid,USD,USD,1.0,,0.061455817167499704,,0.35109080247541224,-0.001556352156222407,8280000.0,152160000.0,47161000.0,,^GSPC,,,0.0,2.0,INFRA,0.14,Layer 1: Hard Assets,0.009333333333333334,"Landowners, royalty engines, maritime ports, and Class I transcontinental freight rail networks."
ICTEF,2026-07-27T05:19:49.487724+00:00,3540712121.0,33721356288.0,9.523890995824905,6.524149604393112,6.524149604393112,6.524149604393112,4253321420.0,0.2012615752558664,7.928240769539585,5168697582.485437,0.4597904053904407,0.2585288301345743,2.0629769700538003,56.227539136019836,Forward Expectations Elevated,"Needs 46% growth to look fairly valued; analysts expect 20% -- covers part of what's required, but the price still leans on the forecast coming through.",6.524149604393112,Historical Median Tactical Anchor,low,1,quarterly,0.5811842947623812,0.5183014196821227,0.30332534199269345,1.8627140115383574,5.0759304806596806,1413886969.0,0.3993227691723995,1.3164833724378309,Solid,USD,USD,1.0,,0.14110646118049797,,0.2325295357765445,-0.001893691143955878,64489532.0,1183631913.0,72520118.0,-4.063313723485312,^GSPC,,,,,INFRA,0.14,Layer 1: Hard Assets,0.009333333333333334,"Landowners, royalty engines, maritime ports, and Class I transcontinental freight rail networks."
CNI,2026-07-27T05:19:49.487724+00:00,17280000000.0,78322442240.0,4.532548740740741,3.5294937287136836,3.5782968535317554,3.6075787284225984,19120880420.0,0.106532431712963,4.0961734250519415,22190843293.70503,0.2841923202375596,0.17765988852459658,2.470878545729799,62.51396532323206,Forward Expectations Stretched,"⚠ Revenue reported in CAD but priced in USD, and no FX rate could be resolved -- P/S and margin figures for this ticker are UNRELIABLE, treat with caution. Needs 28% growth to look fairly valued by its own history, but analysts only expect 11% -- the price is asking for more growth than is currently forecast.",3.5294937287136836,Historical Median Tactical Anchor,low,2,quarterly,0.4234953703703704,0.37766203703703705,0.2722800925925926,2.4110537303593014,7.1400437636761485,3572000000.0,0.20671296296296296,0.759192348565356,Solid,CAD,USD,,"Revenue reported in CAD but priced in USD, and no FX rate could be resolved -- P/S and margin figures for this ticker are UNRELIABLE, treat with caution.",0.003823943413180375,,0.11583701500423964,-0.029519815063615895,2846000000.0,2209000000.0,,,^GSPC,,,7.0,1.0,INFRA,0.14,Layer 1: Hard Assets,0.009333333333333334,"Landowners, royalty engines, maritime ports, and Class I transcontinental freight rail networks."
CP,2026-07-27T05:19:49.487724+00:00,14984000000.0,81991335936.0,5.471925783235451,4.4655763547087215,4.567021940149707,4.627889291414298,17153082920.0,0.14475993860117464,4.779976655998116,18360751093.091118,0.225357120467907,0.08059718186673237,1.503253796004706,35.76420469847553,Forward Expectations Elevated,"⚠ Revenue reported in CAD but priced in USD, and no FX rate could be resolved -- P/S and margin figures for this ticker are UNRELIABLE, treat with caution. Needs 23% growth to look fairly valued; analysts expect 14% -- covers part of what's required, but the price still leans on the forecast coming through.",4.4655763547087215,Historical Median Tactical Anchor,low,2,quarterly,0.3703950880939669,0.3703950880939669,0.27209022957821677,2.8753006253006252,6.25,2043000000.0,0.1363454351308062,0.5011037527593819,Solid,CAD,USD,,"Revenue reported in CAD but priced in USD, and no FX rate could be resolved -- P/S and margin figures for this ticker are UNRELIABLE, treat with caution.",0.19597902823791657,,0.06108788661659565,-0.011927477351666882,4275000000.0,823000000.0,493000000.0,,^GSPC,,,5.0,3.0,INFRA,0.14,Layer 1: Hard Assets,0.009333333333333334,"Landowners, royalty engines, maritime ports, and Class I transcontinental freight rail networks."
UNP,2026-07-27T05:19:49.487724+00:00,25410000000.0,182571286528.0,7.185017179378198,6.227073457751811,6.412982012435528,6.5245271452457585,27853023060.0,0.09614415820543099,6.554810446776688,29318955006.179504,0.15383530130576561,0.05769114310033463,1.55875214770578,37.50188845515162,Forward Expectations Elevated,"Needs 15% growth to look fairly valued; analysts expect 10% -- covers part of what's required, but the price still leans on the forecast coming through.",6.227073457751811,Historical Median Tactical Anchor,low,2,quarterly,0.45623770169224714,0.4002754820936639,0.28846910665092484,2.2208446047490233,7.915175097276265,6504000000.0,0.25596221959858323,0.8873124147339699,Solid,USD,USD,1.0,,-0.004915242301498868,,0.15328045760525547,-0.010532738186148416,26000000.0,3277000000.0,,,^GSPC,,,5.0,0.0,INFRA,0.14,Layer 1: Hard Assets,0.009333333333333334,"Landowners, royalty engines, maritime ports, and Class I transcontinental freight rail networks."
LIN,2026-07-27T05:19:49.487724+00:00,34655000000.0,236851281920.0,6.834548605396047,6.268973318862954,6.476619897148387,6.601207844119647,37783698820.0,0.09028131063338618,6.268610255664747,37781510603.55116,0.09021816775504732,-6.314287833886212e-05,0.9993299534140314,0.0,Forward Expectations Manageable,Needs 9% growth to look fairly valued by its own history; analysts expect 9% -- the bar is comfortably cleared if the forecast is anywhere close to right.,6.268973318862954,Historical Median Tactical Anchor,low,2,quarterly,0.487664117731929,0.2715048333573799,0.20435723560813734,1.6662691906394396,20.19098712446352,5096000000.0,0.14704948780839705,0.7195707427280429,Solid,USD,USD,1.0,,0.006176060609136114,,0.1172938981761858,-0.019870503295648434,4297000000.0,2844000000.0,312000000.0,,^GSPC,,,1.0,1.0,INFRA,0.14,Layer 2: Grid & Utilities,0.004307692307692308,"Industrial gases, power electrification, grid equipment, clean nuclear energy for data centers, water tech, and environmental waste."
ABBN.SW,2026-07-27T05:19:49.487724+00:00,35556000000.0,145181310976.0,4.083173331533356,4.015241562192769,4.237543913554125,4.37092532437094,41644257750.0,0.17123010884238954,3.4862264047916667,36157553344.490395,0.016918476332838273,-0.15431163250955127,0.10614658439944673,0.0,Forward Expectations Manageable,"⚠ Revenue reported in USD but priced in CHF, and no FX rate could be resolved -- P/S and margin figures for this ticker are UNRELIABLE, treat with caution. Needs 2% growth to look fairly valued by its own history; analysts expect 17% -- the bar is comfortably cleared if the forecast is anywhere close to right.",4.015241562192769,Historical Median Tactical Anchor,low,2,quarterly,0.40086061424232194,0.16931038362020476,0.1400326245921926,0.687038280725319,105.6140350877193,4159000000.0,0.11697041286983913,0.8353082948383209,Solid,USD,CHF,,"Revenue reported in USD but priced in CHF, and no FX rate could be resolved -- P/S and margin figures for this ticker are UNRELIABLE, treat with caution.",0.04101688440859852,,0.208535889357564,-0.008446808143657059,1317000000.0,4068000000.0,306000000.0,0.344103929325126,^SSMI,0.08122079282840144,0.26288313649672457,2.0,5.0,INFRA,0.14,Layer 2: Grid & Utilities,0.004307692307692308,"Industrial gases, power electrification, grid equipment, clean nuclear energy for data centers, water tech, and environmental waste."
GEV,2026-07-27T05:19:49.487724+00:00,41367000000.0,270262009856.0,6.533275554330746,6.62077488326203,6.89366116761476,7.057392938226398,52498702310.0,0.26909619527642814,5.147975053938052,40820298925.92315,-0.01321587434614191,-0.28231206962257005,0.0,0.0,Forward Expectations Manageable,Already trades at or below its historical valuation norm (needs 0% growth) -- 27% forecast growth would be upside on top of an already-fair price.,6.62077488326203,Historical Median Tactical Anchor,low,2,quarterly,0.20214180385331304,0.04358546667633621,0.23035269659390337,-3.4362728785357737,,12438000000.0,0.3006744506490681,1.305278623150383,Solid,USD,USD,1.0,,0.08682326316822997,,0.39663049685893775,-0.005571909894025007,5406000000.0,409000000.0,3813000000.0,,^GSPC,,,1.0,0.0,INFRA,0.14,Layer 2: Grid & Utilities,0.004307692307692308,"Industrial gases, power electrification, grid equipment, clean nuclear energy for data centers, water tech, and environmental waste."
ETN,2026-07-27T05:19:49.487724+00:00,28522000000.0,156900376576.0,5.50102996199425,4.717360845894316,4.809923612697408,4.865461272779264,35628454820.0,0.24915696024121736,4.403794028359718,33260202410.115795,0.16612447970394073,-0.08303248053727663,0.690819461358407,0.0,Forward Expectations Manageable,Needs 17% growth to look fairly valued by its own history; analysts expect 25% -- the bar is comfortably cleared if the forecast is anywhere close to right.,4.717360845894316,Historical Median Tactical Anchor,low,2,quarterly,0.3689082112053853,0.18164925320804992,0.13989201318280625,3.417644223043548,16.5,3776000000.0,0.13238903302713695,0.9463659147869674,Watch: high leverage,USD,USD,1.0,,0.09769979247934413,,0.14729047965229802,-0.008365410904862536,1247000000.0,1644000000.0,12585000000.0,,^GSPC,,,3.0,1.0,INFRA,0.14,Layer 2: Grid & Utilities,0.004307692307692308,"Industrial gases, power electrification, grid equipment, clean nuclear energy for data centers, water tech, and environmental waste."
NVT,2026-07-27T05:19:49.487724+00:00,4325800000.0,24547545088.0,5.674683315918442,4.402784467739654,4.405359018095357,4.406903748308779,5782318790.0,0.3367050695825049,4.245277021123908,5575459182.221215,0.2888851038469682,-0.04781996573553671,0.8744688694279422,0.0,Forward Expectations Manageable,Needs 29% growth to look fairly valued by its own history; analysts expect 34% -- the bar is comfortably cleared if the forecast is anywhere close to right.,4.402784467739654,Historical Median Tactical Anchor,low,2,quarterly,0.37010495168523744,0.1577742845254057,0.11371307041472098,1.6488733318748632,9.087882822902797,381900000.0,0.08828424800036988,0.7763773124618825,Solid,USD,USD,1.0,,0.1926087246007977,,0.09262949086843608,-0.007348762570890122,256900000.0,131200000.0,979500000.0,,^GSPC,,,2.0,0.0,INFRA,0.14,Layer 2: Grid & Utilities,0.004307692307692308,"Industrial gases, power electrification, grid equipment, clean nuclear energy for data centers, water tech, and environmental waste."
CEG,2026-07-27T05:19:49.487724+00:00,29867000000.0,97970937856.0,3.2802403273177756,4.10335451881245,4.526588295898581,4.780528562150259,35604052210.0,0.19208665784980083,2.751679423402351,23875816093.1105,-0.2005954366655338,-0.39268209451533465,0.0,0.0,Forward Expectations Manageable,Already trades at or below its historical valuation norm (needs 0% growth) -- 19% forecast growth would be upside on top of an already-fair price.,4.10335451881245,Historical Median Tactical Anchor,low,2,quarterly,0.22847959286168681,0.16851374426624702,0.12692938694880637,2.631924198250729,8.14401294498382,1137000000.0,0.03806877155388891,0.2999208652070694,Solid,USD,USD,1.0,,0.01469039149633189,,0.13986001715566546,-0.015225459740157432,400000000.0,519000000.0,2537000000.0,,^GSPC,,,2.0,2.0,INFRA,0.14,Layer 2: Grid & Utilities,0.004307692307692308,"Industrial gases, power electrification, grid equipment, clean nuclear energy for data centers, water tech, and environmental waste."
PWR,2026-07-27T05:19:49.487724+00:00,30121150000.0,93913645056.0,3.117863861638749,2.5440559331535217,2.6683121733094732,2.7428659174030443,39747116980.0,0.31957501556215484,2.362778792314813,36914929358.328995,0.22554847203141293,-0.09402654353074191,0.7334343384721846,0.0,Forward Expectations Manageable,Needs 23% growth to look fairly valued by its own history; analysts expect 32% -- the bar is comfortably cleared if the forecast is anywhere close to right.,2.5440559331535217,Historical Median Tactical Anchor,low,2,quarterly,0.15100263436156985,0.056132982970437714,0.03667672051033908,2.200840877777055,6.029921540656205,1682031000.0,0.05584219062021204,1.5225513580056935,Solid,USD,USD,1.0,,0.18595310976676038,,0.07977545401813067,0.015267338756738136,15987000.0,62113000.0,2829689000.0,,^GSPC,,,1.0,0.0,INFRA,0.14,Layer 2: Grid & Utilities,0.004307692307692308,"Industrial gases, power electrification, grid equipment, clean nuclear energy for data centers, water tech, and environmental waste."
CWCO,2026-07-27T05:19:49.487724+00:00,128331683.0,469125568.0,3.6555709161859897,4.212933719056502,4.2153206867239295,4.216752867324387,188200000.0,0.4665123654616141,2.4926969606801275,111353655.02618493,-0.13229802319209882,-0.5988103886537129,0.0,0.0,Forward Expectations Manageable,Already trades at or below its historical valuation norm (needs 0% growth) -- 47% forecast growth would be upside on top of an already-fair price.,4.212933719056502,Historical Median Tactical Anchor,low,2,quarterly,0.3661491449465367,0.13384924594186146,0.13498672030974612,-4.410110434535619,3052.0787135749824,27868895.0,0.21716301343916763,1.6087731662852198,Solid,USD,USD,1.0,,0.11961204239969647,,0.16268500600474994,0.013359485421161388,26814.0,8460840.0,50000.0,,^GSPC,,,0.0,1.0,INFRA,0.14,Layer 2: Grid & Utilities,0.004307692307692308,"Industrial gases, power electrification, grid equipment, clean nuclear energy for data centers, water tech, and environmental waste."
XYL,2026-07-27T05:19:49.487724+00:00,9091000000.0,28463794176.0,3.130986049499505,3.394158923886785,3.5121962060870158,3.583018575407155,9614831400.0,0.05762087779122216,2.9604049194247963,8386111202.891169,-0.07753699231204836,-0.13515787010327052,0.0,0.0,Forward Expectations Manageable,Already trades at or below its historical valuation norm (needs 0% growth) -- 6% forecast growth would be upside on top of an already-fair price.,3.394158923886785,Historical Median Tactical Anchor,low,2,quarterly,0.3860961390386096,0.14838851611483886,0.10790892091079089,0.694952856350527,53.96,966000000.0,0.10625893741062589,0.9847094801223242,Solid,USD,USD,1.0,,0.1783579915890725,,0.08841499021869252,0.10568476037487806,565000000.0,399000000.0,155000000.0,,^GSPC,,,2.0,0.0,INFRA,0.14,Layer 2: Grid & Utilities,0.004307692307692308,"Industrial gases, power electrification, grid equipment, clean nuclear energy for data centers, water tech, and environmental waste."
ECL,2026-07-27T05:19:49.487724+00:00,16452300000.0,75636326400.0,4.59731018763334,4.544840614436318,4.5629819359713135,4.573866728892312,19271520810.0,0.17135724549151177,3.924772058505745,16642239589.161245,0.011544865408559701,-0.15981238008295207,0.07257527735071577,0.0,Forward Expectations Manageable,Needs 1% growth to look fairly valued by its own history; analysts expect 17% -- the bar is comfortably cleared if the forecast is anywhere close to right.,4.544840614436318,Historical Median Tactical Anchor,low,2,quarterly,0.44288032676282346,0.18089264115047743,0.12798818402290257,2.2367788461538463,9.569453376205788,1870200000.0,0.11367407596506264,0.8881607066533694,Solid,USD,USD,1.0,,0.04264019904644334,,0.13113358661603908,-0.002911144924141462,974500000.0,777500000.0,1621300000.0,,^GSPC,,,1.0,3.0,INFRA,0.14,Layer 2: Grid & Utilities,0.004307692307692308,"Industrial gases, power electrification, grid equipment, clean nuclear energy for data centers, water tech, and environmental waste."
WM,2026-07-27T05:19:49.487724+00:00,25413000000.0,95876210688.0,3.7727230428520837,3.585759062312726,3.6449048508095236,3.680392323907602,28011970130.0,0.10226931609806011,3.4226871670593204,26738051559.482697,0.05214069804756205,-0.050128618050498064,0.5219912763105862,0.0,Forward Expectations Manageable,Needs 5% growth to look fairly valued by its own history; analysts expect 10% -- the bar is comfortably cleared if the forecast is anywhere close to right.,3.585759062312726,Historical Median Tactical Anchor,low,2,quarterly,0.40742926848463384,0.18376421516546648,0.10994372958721914,3.098405342783154,5.1602209944751385,3290000000.0,0.12946129933498604,1.1775232641374374,Watch: high leverage,USD,USD,1.0,,0.08563152473174229,,0.1114154026028452,-0.00405726378840221,344000000.0,1383000000.0,300000000.0,,^GSPC,,,14.0,10.0,INFRA,0.14,Layer 2: Grid & Utilities,0.004307692307692308,"Industrial gases, power electrification, grid equipment, clean nuclear energy for data centers, water tech, and environmental waste."
RSG,2026-07-27T05:19:49.487724+00:00,16695000000.0,66735419392.0,3.9973297030248576,4.0126820362657645,4.056884966667584,4.083406724908676,18036395150.0,0.08034711889787371,3.70004198937724,16631125713.141363,-0.0038259530912631012,-0.08417307198913682,0.0,0.0,Forward Expectations Manageable,Already trades at or below its historical valuation norm (needs 0% growth) -- 8% forecast growth would be upside on top of an already-fair price.,4.0126820362657645,Historical Median Tactical Anchor,low,2,quarterly,0.4200658879904163,0.20047918538484577,0.1299191374663073,2.7245952798907744,5.7213675213675215,2594000000.0,0.1553758610362384,1.1959428307976026,Solid,USD,USD,1.0,,0.07084929833650078,,0.10659605105335666,-0.008615616429965334,1107000000.0,750000000.0,1024000000.0,,^GSPC,,,0.0,1.0,INFRA,0.14,Layer 2: Grid & Utilities,0.004307692307692308,"Industrial gases, power electrification, grid equipment, clean nuclear energy for data centers, water tech, and environmental waste."
VRT,2026-07-27T05:19:49.487724+00:00,10843400000.0,111529828352.0,10.285503472342624,7.891163522786462,8.57249392947352,8.981292173485757,17869199440.0,0.6479332534076028,6.241456352115123,14133508706.28233,0.3034203945517393,-0.34451285885586347,0.5304909885891076,0.0,Forward Expectations Manageable,Needs 30% growth to look fairly valued by its own history; analysts expect 65% -- the bar is comfortably cleared if the forecast is anywhere close to right.,7.891163522786462,Historical Median Tactical Anchor,low,2,quarterly,0.37150709187155323,0.1877086522677389,0.14371875979858717,0.4812143720849888,23.63995354239257,2275700000.0,0.209869598096538,1.4602797741273101,Solid,USD,USD,1.0,,0.2158543401649824,,0.26666323616444226,0.004559002986515459,0.0,76300000.0,977400000.0,,^GSPC,,,2.0,0.0,INFRA,0.14,Layer 3: Tech-Adjacent,0.004,"Data center liquid cooling, fuel cells, networking switches, and zero-trust/perimeter cloud cybersecurity infrastructure."
BE,2026-07-27T05:19:49.487724+00:00,2449027000.0,52590825472.0,21.474171363566022,15.175151946111752,15.463994486556558,15.637300010823443,6464053910.0,1.6394375848040874,8.135889057274277,3465588065.197269,0.41508773288218914,-1.2243498519218983,0.3577207339448805,0.0,Forward Expectations Manageable,Needs 42% growth to look fairly valued by its own history; analysts expect 164% -- the bar is comfortably cleared if the forecast is anywhere close to right.,15.175151946111752,Historical Median Tactical Anchor,low,2,quarterly,0.29572438360214076,0.06699068650529373,0.0024634273121529487,4.062846744485376,3.4122002454191884,229559000.0,0.0937347771176063,38.0505552792972,Watch: high leverage,USD,USD,1.0,,0.19064306780764095,,0.05572356360769546,0.10838234605255259,,0.0,31769000.0,,^GSPC,,,2.0,0.0,INFRA,0.14,Layer 3: Tech-Adjacent,0.004,"Data center liquid cooling, fuel cells, networking switches, and zero-trust/perimeter cloud cybersecurity infrastructure."
ANET,2026-07-27T05:19:49.487724+00:00,9709900000.0,219082899456.0,22.562837872274688,17.804759087390877,18.493275213846793,18.906384889720346,14378342230.0,0.48079199888773316,15.237006878226182,12304738209.636993,0.2672363474018262,-0.21355565148590694,0.6032915255627761,0.0,Forward Expectations Manageable,Needs 27% growth to look fairly valued by its own history; analysts expect 48% -- the bar is comfortably cleared if the forecast is anywhere close to right.,17.804759087390877,Historical Median Tactical Anchor,low,2,quarterly,0.6353721459541293,0.4279240774879247,0.3831656350734817,,,5278100000.0,0.5435792335657422,1.4186534068001613,Solid,USD,USD,1.0,,0.27146525721597636,,0.30488116169734253,0.007797449220915187,816000000.0,,0.0,,^GSPC,,,0.0,0.0,INFRA,0.14,Layer 3: Tech-Adjacent,0.004,"Data center liquid cooling, fuel cells, networking switches, and zero-trust/perimeter cloud cybersecurity infrastructure."
FTNT,2026-07-27T05:19:49.487724+00:00,7109500000.0,111633629184.0,15.702036596666431,8.451410725113194,8.478147223087142,8.49418912187151,8643998110.0,0.21583769744707793,12.914582784886797,13208875158.827976,0.8579190039845244,0.6420813065374464,3.1696596206186656,74.841716240736,Forward Expectations Stretched,"Needs 86% growth to look fairly valued by its own history, but analysts only expect 22% -- the price is asking for more growth than is currently forecast.",8.451410725113194,Historical Median Tactical Anchor,low,2,quarterly,0.8030381883395457,0.3109782685139602,0.27491384766861243,-0.665536244171259,113.9639175257732,2435500000.0,0.3425698009705324,1.2460987464824764,Solid,USD,USD,1.0,,0.15461947760091377,,,-0.01669870648625338,3112800000.0,,30400000.0,,^GSPC,,,39.0,0.0,INFRA,0.14,Layer 3: Tech-Adjacent,0.004,"Data center liquid cooling, fuel cells, networking switches, and zero-trust/perimeter cloud cybersecurity infrastructure."
CHKP,2026-07-27T05:19:49.487724+00:00,2756000000.0,13331279872.0,4.837184278664732,6.212880092933501,6.573605962767626,6.790041484668102,2984423310.0,0.08288218795355595,4.4669534068208305,2145748778.7609053,-0.22142642280083258,-0.30430861075438853,0.0,0.0,Forward Expectations Manageable,Already trades at or below its historical valuation norm (needs 0% growth) -- 8% forecast growth would be upside on top of an already-fair price.,6.212880092933501,Historical Median Tactical Anchor,low,2,quarterly,0.863788098693759,0.2977866473149492,0.383744557329463,0.8792817409973651,,1195000000.0,0.4335994194484761,1.1299167927382754,Solid,USD,USD,1.0,,0.053653118158399016,,0.2721170846702901,-0.04374774375484847,1400000000.0,,365300000.0,,^GSPC,,,15.0,18.0,INFRA,0.14,Layer 3: Tech-Adjacent,0.004,"Data center liquid cooling, fuel cells, networking switches, and zero-trust/perimeter cloud cybersecurity infrastructure."
CRWD,2026-07-27T05:19:49.487724+00:00,5094200000.0,186626555904.0,36.635105787758626,21.882724046719314,22.847821660187023,23.42688022826765,7236243030.0,0.42048663774488637,25.790531789809165,8528488295.403939,0.6741565496847275,0.2536699119398411,1.4681202201383117,37.62774567101233,Forward Expectations Elevated,"Needs 67% growth to look fairly valued; analysts expect 42% -- covers part of what's required, but the price still leans on the forecast coming through.",21.882724046719314,Historical Median Tactical Anchor,low,2,quarterly,0.750291900592831,-0.03911036080248125,-0.004813513407404499,-11.148531239542999,-7.265553205455474,1431313000.0,0.28096914137646734,-58.370906569878876,Watch: unprofitable,USD,USD,1.0,,0.2900686653697968,,-15.99018645731109,0.03881035640224306,175622000.0,,1263644000.0,,^GSPC,,,47.0,0.0,INFRA,0.14,Layer 3: Tech-Adjacent,0.004,"Data center liquid cooling, fuel cells, networking switches, and zero-trust/perimeter cloud cybersecurity infrastructure."
ZS,2026-07-27T05:19:49.487724+00:00,3173564000.0,23014500352.0,7.251941461397974,8.165133215720541,8.646187682546369,8.934820362641865,3898748380.0,0.22850787946926543,5.903048391135209,2818631336.9253535,-0.11184039870462559,-0.340348278173891,0.0,0.0,Forward Expectations Manageable,Already trades at or below its historical valuation norm (needs 0% growth) -- 23% forecast growth would be upside on top of an already-fair price.,8.165133215720541,Historical Median Tactical Anchor,low,2,quarterly,0.7665385037138057,-0.046856152893088025,-0.024385202252105203,6.191432716823259,-31.05053247024431,890300000.0,0.2805363307625118,-11.504367602212229,"Caution: unprofitable, high leverage",USD,USD,1.0,,0.3481497314980284,,-0.1053540444107104,0.0343735573968067,,,770048000.0,,^GSPC,,,44.0,1.0,INFRA,0.14,Layer 3: Tech-Adjacent,0.004,"Data center liquid cooling, fuel cells, networking switches, and zero-trust/perimeter cloud cybersecurity infrastructure."
FNV,2026-07-27T05:19:49.487724+00:00,2105100000.0,41402224640.0,19.667580941522967,22.97675887710115,23.2696885892666,23.44544641656587,2878584670.0,0.367433694361313,14.38284066176174,1801917531.6002398,-0.1440228342595412,-0.5114565286208542,0.0,0.0,Forward Expectations Manageable,Already trades at or below its historical valuation norm (needs 0% growth) -- 37% forecast growth would be upside on top of an already-fair price.,22.97675887710115,Historical Median Tactical Anchor,low,2,quarterly,0.7658068500308773,0.7454752743337608,0.651227970167688,,3923.25,-423200000.0,-0.20103558025746995,-0.30870231234955137,Watch: cash burning,USD,USD,1.0,,0.11479252608663693,,0.14670360776695815,0.0015713276363391593,,285400000.0,,,^GSPC,,,8.0,0.0,ENERGY & COMMODITY,0.18,Layer 1: Monetary Royalties,0.036,Precious metals streaming and asset-light gold/silver royalty engines.
WPM,2026-07-27T05:19:49.487724+00:00,2745658000.0,50625867776.0,18.438519209602944,23.02654718990633,23.345957259318578,23.537603300965923,4205699560.0,0.5317638103507429,12.037442773491884,2198587020.384533,-0.19924949852292861,-0.7310133088736716,0.0,0.0,Forward Expectations Manageable,Already trades at or below its historical valuation norm (needs 0% growth) -- 53% forecast growth would be upside on top of an already-fair price.,23.02654718990633,Historical Median Tactical Anchor,low,2,quarterly,0.7473399818914082,0.7159482353592472,0.6555000659222671,-0.8993133532528159,4467.611363636363,1003225000.0,0.36538600218963907,0.5574156604783143,Solid,USD,USD,1.0,,0.2952936692748307,,0.18168921365932234,0.0012624881008562738,,366309000.0,,,^GSPC,,,2.0,3.0,ENERGY & COMMODITY,0.18,Layer 1: Monetary Royalties,0.036,Precious metals streaming and asset-light gold/silver royalty engines.
CCJ,2026-07-27T05:19:49.487724+00:00,3537866000.0,38265929728.0,10.816104885826654,13.193844070323964,13.525950325174364,13.725214078084603,3998445320.0,0.13018563167740105,9.570202082443384,2900286643.076904,-0.18021580153773387,-0.3104014332151349,0.0,0.0,Forward Expectations Manageable,"⚠ Revenue reported in CAD but priced in USD, and no FX rate could be resolved -- P/S and margin figures for this ticker are UNRELIABLE, treat with caution. Already trades at or below its historical valuation norm (needs 0% growth) -- 13% forecast growth would be upside on top of an already-fair price.",13.193844070323964,Historical Median Tactical Anchor,low,2,quarterly,0.28314271936811625,0.1743833712186951,0.18388599229026764,-0.06392007549871456,5.480788877537423,921659000.0,0.26051269324502396,1.4167076567409203,Solid,CAD,USD,,"Revenue reported in CAD but priced in USD, and no FX rate could be resolved -- P/S and margin figures for this ticker are UNRELIABLE, treat with caution.",0.23068700139731124,,0.0694512796382637,0.0022603071799434105,,104480000.0,,,^GSPC,,,4.0,1.0,ENERGY & COMMODITY,0.18,Layer 2: Baseload Energy,0.011999999999999999,"Uranium pure-plays for nuclear baseload, oil sands, natural gas, and integrated global supermajors."
CNQ,2026-07-27T05:19:49.487724+00:00,44167000000.0,96860364800.0,2.1930483120882105,1.477233291783682,1.4847933503046682,1.4893293854172602,41340395680.0,-0.0639981053727896,2.3429955907959514,65568766516.929886,0.4845646414048925,0.5485627467776821,,100.0,Forward Expectations Stretched,"⚠ Revenue reported in CAD but priced in USD, and no FX rate could be resolved -- P/S and margin figures for this ticker are UNRELIABLE, treat with caution. Needs 48% growth to look fairly valued by its own history, but analysts only expect -6% -- the price is asking for more growth than is currently forecast.",1.477233291783682,Historical Median Tactical Anchor,low,2,quarterly,0.21285122376434895,0.18624765096112483,0.24497928317522133,0.6796538641885843,9.863309352517986,6582000000.0,0.14902529037516699,0.6083179297597042,Solid,CAD,USD,,"Revenue reported in CAD but priced in USD, and no FX rate could be resolved -- P/S and margin figures for this ticker are UNRELIABLE, treat with caution.",-0.037479788648146606,,0.11145661570744843,-0.019057595802331018,1273000000.0,4911000000.0,9163000000.0,,^GSPC,,,0.0,2.0,ENERGY & COMMODITY,0.18,Layer 2: Baseload Energy,0.011999999999999999,"Uranium pure-plays for nuclear baseload, oil sands, natural gas, and integrated global supermajors."
XOM,2026-07-27T05:19:49.487724+00:00,326008000000.0,650508042240.0,1.9953744762091727,1.806060297154993,1.9176697145361101,1.9846353649647803,393043883670.0,0.20562649895094598,1.6550519401700374,360180689019.47327,0.10482162713636867,-0.10080487181457731,0.5330708348080853,0.0,Forward Expectations Manageable,Needs 10% growth to look fairly valued by its own history; analysts expect 21% -- the bar is comfortably cleared if the forecast is anywhere close to right.,1.806060297154993,Historical Median Tactical Anchor,low,2,quarterly,0.20443670093985425,0.09030146499472405,0.0776484012662266,0.6091939742195993,42.48051948051948,18792000000.0,0.05764275723295134,0.7423560085328277,Solid,USD,USD,1.0,,-0.06688991546295975,,0.08428398775065801,0.007859027662536988,20337000000.0,17230000000.0,0.0,,^GSPC,,,1.0,3.0,ENERGY & COMMODITY,0.18,Layer 2: Baseload Energy,0.011999999999999999,"Uranium pure-plays for nuclear baseload, oil sands, natural gas, and integrated global supermajors."
SU,2026-07-27T05:19:49.487724+00:00,54469000000.0,77704839168.0,1.426588319374323,1.2070135765271284,1.3130684395574255,1.3767013573756037,55090291050.0,0.011406323780499106,1.4104997030688222,64377767308.612816,0.18191571919096772,0.1705093954104686,14.736388466505357,93.72988555841883,Forward Expectations Stretched,"⚠ Revenue reported in CAD but priced in USD, and no FX rate could be resolved -- P/S and margin figures for this ticker are UNRELIABLE, treat with caution. Needs 18% growth to look fairly valued by its own history, but analysts only expect 1% -- the price is asking for more growth than is currently forecast.",1.2070135765271284,Historical Median Tactical Anchor,low,2,quarterly,0.41943123611595584,0.15691494244432613,0.11619453266995906,0.7109153628187754,11.157963446475195,7232000000.0,0.13277276983238173,1.1426765681782272,Solid,CAD,USD,,"Revenue reported in CAD but priced in USD, and no FX rate could be resolved -- P/S and margin figures for this ticker are UNRELIABLE, treat with caution.",-0.05923630668082114,,0.10634527353950235,-0.037246567202159464,3156000000.0,2816000000.0,,,^GSPC,,,0.0,1.0,ENERGY & COMMODITY,0.18,Layer 2: Baseload Energy,0.011999999999999999,"Uranium pure-plays for nuclear baseload, oil sands, natural gas, and integrated global supermajors."
EQT,2026-07-27T05:19:49.487724+00:00,9551453000.0,33171113984.0,3.4728866889676366,3.935655032552444,3.9541261440366604,3.965208810927191,9436231340.0,-0.012063259904016688,3.5152925769621923,8428359119.291785,-0.11758356353826116,-0.10552030363424447,,0.0,Forward Expectations Manageable,Already trades at or below its historical valuation norm (needs 0% growth) -- -1% forecast growth would be upside on top of an already-fair price.,3.935655032552444,Historical Median Tactical Anchor,low,2,quarterly,0.5179725011472076,0.4307587547151203,0.34385731678729925,0.806240611860518,9.845279885523674,4052551000.0,0.42428633633018975,1.2339023066146988,Solid,USD,USD,1.0,,-0.11718245847505004,,0.07474369102359446,0.19537537647927317,0.0,398606000.0,781560000.0,,^GSPC,,,0.0,10.0,ENERGY & COMMODITY,0.18,Layer 2: Baseload Energy,0.011999999999999999,"Uranium pure-plays for nuclear baseload, oil sands, natural gas, and integrated global supermajors."
CVX,2026-07-27T05:19:49.487724+00:00,185887000000.0,387943301120.0,2.0869845719173474,1.9243598309143686,2.0183905478676127,2.0748089780395595,210868078890.0,0.13438852039142057,1.8397440862652894,201596029436.79556,0.08450848868826522,-0.04988003170315536,0.643385369243921,0.0,Forward Expectations Manageable,Needs 8% growth to look fairly valued by its own history; analysts expect 13% -- the bar is comfortably cleared if the forecast is anywhere close to right.,1.9243598309143686,Historical Median Tactical Anchor,low,2,quarterly,0.30233959340889893,0.08391657297175166,0.05922415230758472,0.9647582391147462,11.554814814814815,13781000000.0,0.0741364377282973,1.2517939867381234,Solid,USD,USD,1.0,,-0.07852874895364959,,0.04772984160313777,0.013698529222134104,10734000000.0,13293000000.0,1241000000.0,,^GSPC,,,2.0,3.0,ENERGY & COMMODITY,0.18,Layer 2: Baseload Energy,0.011999999999999999,"Uranium pure-plays for nuclear baseload, oil sands, natural gas, and integrated global supermajors."
FCX,2026-07-27T05:19:49.487724+00:00,26421000000.0,89991241728.0,3.40604979856932,3.160555351861186,3.2424096144106076,3.2915221719402608,34959080490.0,0.32315508459180187,2.574187892434467,28473237045.193974,0.07767446520547949,-0.24548061938632237,0.26714408590532407,0.0,Forward Expectations Manageable,Needs 8% growth to look fairly valued by its own history; analysts expect 32% -- the bar is comfortably cleared if the forecast is anywhere close to right.,3.160555351861186,Historical Median Tactical Anchor,low,2,quarterly,0.2818212785284433,0.2512016956209076,0.10344044510048825,0.6786150712830957,16.070217917675546,1752000000.0,0.06631088906551606,0.6410537870472008,Solid,USD,USD,1.0,,0.04391666611007472,,0.16567010975752916,0.0006988122469917535,145000000.0,865000000.0,0.0,,^GSPC,,,3.0,1.0,ENERGY & COMMODITY,0.18,Layer 3: Industrial Materials,0.0045,"Copper/iron mining for global electrification, efficient steel production, and heavy construction/machinery standard equipment."
SCCO,2026-07-27T05:19:49.487724+00:00,14549500000.0,140569165824.0,9.661443061548507,9.104797852633276,9.271605591779888,9.371690235267856,16042001780.0,0.10258096704354092,8.762570142539904,15439021063.31167,0.06113756921623903,-0.04144339782730189,0.6076725367615325,0.0,Forward Expectations Manageable,Needs 6% growth to look fairly valued by its own history; analysts expect 10% -- the bar is comfortably cleared if the forecast is anywhere close to right.,9.104797852633276,Historical Median Tactical Anchor,low,2,quarterly,0.5594900168390666,0.546169971476683,0.341303824873707,0.27664593370645246,21.64669027512939,4275800000.0,0.2938795147599574,0.861049579121189,Solid,USD,USD,1.0,,0.10126643785436218,,0.31472447048863866,1.5875209131710477e-05,,2751000000.0,,,^GSPC,,,6.0,0.0,ENERGY & COMMODITY,0.18,Layer 3: Industrial Materials,0.0045,"Copper/iron mining for global electrification, efficient steel production, and heavy construction/machinery standard equipment."
NEM,2026-07-27T05:19:49.487724+00:00,25767000000.0,98193588224.0,3.810827345985175,4.385271441607597,4.5937743774049125,4.718876138883302,29059940250.0,0.12779680405169414,3.379001724685239,22391678492.76924,-0.13099396542984276,-0.2587907694815369,0.0,0.0,Forward Expectations Manageable,Already trades at or below its historical valuation norm (needs 0% growth) -- 13% forecast growth would be upside on top of an already-fair price.,4.385271441607597,Historical Median Tactical Anchor,low,2,quarterly,0.5906779989909574,0.5522567625257112,0.33364380797143633,-0.21268237934904602,89.49685534591195,9733000000.0,0.37773120658206233,1.1321391182970804,Solid,USD,USD,1.0,,0.23911830284606483,,0.20611352235600341,0.11152242956707692,4406000000.0,1104000000.0,8000000.0,,^GSPC,,,1.0,4.0,ENERGY & COMMODITY,0.18,Layer 3: Industrial Materials,0.0045,"Copper/iron mining for global electrification, efficient steel production, and heavy construction/machinery standard equipment."
COP,2026-07-27T05:19:49.487724+00:00,58188000000.0,146512035840.0,2.5179080882656217,2.3660279625691794,2.5392964577375063,2.6432575548385024,66651589649.0,0.1454524927648313,2.1981776670528093,61923205540.18651,0.06419202481931863,-0.08126046794551267,0.45814406499435467,0.0,Forward Expectations Manageable,Needs 6% growth to look fairly valued by its own history; analysts expect 15% -- the bar is comfortably cleared if the forecast is anywhere close to right.,2.3660279625691794,Historical Median Tactical Anchor,low,2,quarterly,0.24071973602804703,0.18063861964666253,0.12583350519007355,0.7086869999593876,8.552481692432872,5853000000.0,0.10058775005155703,0.7993717563507239,Solid,USD,USD,1.0,,-0.09106174739359629,,0.08790740607977478,0.0003572194097987147,4607000000.0,4029000000.0,0.0,,^GSPC,,,0.0,3.0,ENERGY & COMMODITY,0.18,Layer 3: Industrial Materials,0.0045,"Copper/iron mining for global electrification, efficient steel production, and heavy construction/machinery standard equipment."
NUE,2026-07-27T05:19:49.487724+00:00,34160000000.0,56379547648.0,1.6504551419203748,1.1592232608316042,1.1653574088031098,1.1690378975860132,39611430090.0,0.1595851899882903,1.4233151269697064,48635624864.492805,0.42375951008468404,0.26417432009639374,2.386163154381459,62.34062335110808,Forward Expectations Stretched,"Needs 42% growth to look fairly valued by its own history, but analysts only expect 16% -- the price is asking for more growth than is currently forecast.",1.1592232608316042,Historical Median Tactical Anchor,low,2,quarterly,0.13975409836065575,0.10122950819672132,0.06823770491803278,0.9731770315914962,21.88607594936709,532000000.0,0.01557377049180328,0.22822822822822822,Solid,USD,USD,1.0,,-0.0783985002595462,,0.08180093992914002,-0.03424020416938511,525000000.0,512000000.0,4000000.0,,^GSPC,,,6.0,0.0,ENERGY & COMMODITY,0.18,Layer 3: Industrial Materials,0.0045,"Copper/iron mining for global electrification, efficient steel production, and heavy construction/machinery standard equipment."
PH,2026-07-27T05:19:49.487724+00:00,20987074000.0,124515352576.0,5.932954378299709,5.504331661013535,5.534922300076554,5.5532766835143645,22640317890.0,0.07877438703461004,5.4997175031273375,22621339018.854195,0.07787007463995188,-0.0009043123946581577,0.98894002190361,0.0,Forward Expectations Manageable,Needs 8% growth to look fairly valued by its own history; analysts expect 8% -- the bar is comfortably cleared if the forecast is anywhere close to right.,5.504331661013535,Historical Median Tactical Anchor,low,2,quarterly,0.37227547775359254,0.2086778747718715,0.16582454514621714,1.6177966874076042,10.809270297286291,3678392000.0,0.1752694063021839,1.0569569550010747,Solid,USD,USD,1.0,,0.07763353923653371,,0.15518134350566784,-0.004706238839390586,1913100000.0,913832000.0,1012697000.0,,^GSPC,,,1.0,0.0,ENERGY & COMMODITY,0.18,Layer 3: Industrial Materials,0.0045,"Copper/iron mining for global electrification, efficient steel production, and heavy construction/machinery standard equipment."
CAT,2026-07-27T05:19:49.487724+00:00,70755000000.0,409341886464.0,5.785342187322451,4.412170564078871,4.531769021100187,4.603528095312977,84639474380.0,0.19623311963818812,4.836299958884504,92775626082.22928,0.3112236037344256,0.11499048409623747,1.5122471869433,36.94786729426909,Forward Expectations Elevated,"Needs 31% growth to look fairly valued; analysts expect 20% -- covers part of what's required, but the price still leans on the forecast coming through.",4.412170564078871,Historical Median Tactical Anchor,low,2,quarterly,0.3149459402162391,0.16475160766023603,0.13327680022613242,2.5963113389706374,22.41730769230769,7901000000.0,0.11166701999858668,0.8378579003181336,Solid,USD,USD,1.0,,0.0438323160905727,,0.15505483686396485,-0.034111607881085915,6607000000.0,2778000000.0,10000000.0,,^GSPC,,,3.0,0.0,ENERGY & COMMODITY,0.18,Layer 3: Industrial Materials,0.0045,"Copper/iron mining for global electrification, efficient steel production, and heavy construction/machinery standard equipment."
TSM,2026-07-27T05:19:49.487724+00:00,4440493207000.0,2092275466240.0,0.47118087309349643,0.46728555493434387,0.48719114152365084,0.49913449347723504,7140297489770.0,0.607996489784969,0.29302357068982504,4477509403289.764,0.008336055155182098,-0.5996604346297869,0.017477251793183782,0.0,Forward Expectations Manageable,"⚠ Revenue reported in TWD but priced in USD, and no FX rate could be resolved -- P/S and margin figures for this ticker are UNRELIABLE, treat with caution. Needs 1% growth to look fairly valued by its own history; analysts expect 61% -- the bar is comfortably cleared if the forecast is anywhere close to right.",0.46728555493434387,Historical Median Tactical Anchor,low,2,quarterly,0.642301648497939,0.5610002485924307,0.49922574332630887,-0.7006297687638909,218.59260161771937,1137060043000.0,0.25606615976971586,0.5129265932152529,Solid,TWD,USD,,"Revenue reported in TWD but priced in USD, and no FX rate could be resolved -- P/S and margin figures for this ticker are UNRELIABLE, treat with caution.",0.18937972542772896,,0.4401932580552065,2.7561029066092146e-05,23000.0,531618292000.0,,,^GSPC,,,3.0,0.0,AI / SEMIS,0.1,Layer 1: Physical Monopolies,0.015,"Structural monopolies in advanced foundries, EUV lithography systems, silicon wafers, and EUV mask inspection equipment."
ASML,2026-07-27T05:19:49.487724+00:00,35327500000.0,674898247680.0,19.104047772415257,17.110419389793893,18.1737192323625,18.81169913790367,53842730790.0,0.5241024921095463,12.534621438728108,39443699906.185036,0.11651545980284572,-0.40758703230670057,0.26153570544088206,0.0,Forward Expectations Manageable,"⚠ Revenue reported in EUR but priced in USD, and no FX rate could be resolved -- P/S and margin figures for this ticker are UNRELIABLE, treat with caution. Needs 12% growth to look fairly valued by its own history; analysts expect 52% -- the bar is comfortably cleared if the forecast is anywhere close to right.",17.110419389793893,Historical Median Tactical Anchor,low,2,quarterly,0.5273313990517302,0.3542113084707381,0.3011365083858184,-0.35938266683022574,,8894500000.0,0.25177269832283633,0.8360749736802526,Solid,EUR,USD,,"Revenue reported in EUR but priced in USD, and no FX rate could be resolved -- P/S and margin figures for this ticker are UNRELIABLE, treat with caution.",0.15551134263329014,,0.8393972815430893,-0.007808741471058145,4357400000.0,2570200000.0,0.0,,^GSPC,,,10.0,2.0,AI / SEMIS,0.1,Layer 1: Physical Monopolies,0.015,"Structural monopolies in advanced foundries, EUV lithography systems, silicon wafers, and EUV mask inspection equipment."
AVGO,2026-07-27T05:19:49.487724+00:00,75465000000.0,1817015091200.0,24.077586844232425,24.22761836030168,25.563664366463634,26.365291970160808,172779492500.0,1.2895314715430994,10.516381689221596,74997676790.93385,-0.006192582111788858,-1.2957240536548884,0.0,0.0,Forward Expectations Manageable,Already trades at or below its historical valuation norm (needs 0% growth) -- 129% forecast growth would be upside on top of an already-fair price.,24.22761836030168,Historical Median Tactical Anchor,low,2,quarterly,0.6827535943815014,0.44064135692042666,0.38848472801961176,1.0684805436911533,10.57329093799682,32762000000.0,0.4341350294838667,1.1175086127502813,Solid,USD,USD,1.0,,0.24378426000041764,,0.2001919385796545,0.04287252166717437,8508000000.0,11761000000.0,300000000.0,,^GSPC,,,32.0,8.0,AI / SEMIS,0.1,Layer 2: Architecture & Robotics,0.004999999999999999,"Custom AI ASICs, electronic design automation (EDA) software, edge AI silicon, and industrial factory robotics/automation."
CDNS,2026-07-27T05:19:49.487724+00:00,5528613000.0,89982205952.0,16.275728822400843,14.795160476440637,15.240234194789746,15.507278425799212,7030280660.0,0.2716174309903767,12.799233814941323,6081867519.807232,0.10007112449491973,-0.171546306495457,0.3969161102781059,0.0,Forward Expectations Manageable,Needs 10% growth to look fairly valued by its own history; analysts expect 27% -- the bar is comfortably cleared if the forecast is anywhere close to right.,14.795160476440637,Historical Median Tactical Anchor,low,2,quarterly,0.8607931139329159,0.31106102018716086,0.21180158567799917,0.8467101900985539,14.447192445982727,1429912000.0,0.2586384686358043,1.22113565773304,Solid,USD,USD,1.0,,0.14143248241855333,,0.23617218697938477,-0.0010720207349079747,995397000.0,,2504072000.0,,^GSPC,,,1.0,1.0,AI / SEMIS,0.1,Layer 2: Architecture & Robotics,0.004999999999999999,"Custom AI ASICs, electronic design automation (EDA) software, edge AI silicon, and industrial factory robotics/automation."
QCOM,2026-07-27T05:19:49.487724+00:00,44487000000.0,175986376704.0,3.95590569613595,3.5466885911230657,3.8234675940727274,3.9895349958425244,44150258490.0,-0.007569436239800442,3.986078059856904,49619912259.69844,0.11538004944587055,0.12294948568567099,,100.0,Forward Expectations Stretched,"Needs 12% growth to look fairly valued by its own history, but analysts only expect -1% -- the price is asking for more growth than is currently forecast.",3.5466885911230657,Historical Median Tactical Anchor,low,2,quarterly,0.5480027873311304,0.2561197653247016,0.22305392586598333,0.7047148179994268,16.78055964653903,12502000000.0,0.28102591768381774,1.2599012395444926,Solid,USD,USD,1.0,,0.0006330832838727929,,0.20320031478506081,-0.014175615564357535,10735000000.0,3820000000.0,1640000000.0,,^GSPC,,,6.0,1.0,AI / SEMIS,0.1,Layer 2: Architecture & Robotics,0.004999999999999999,"Custom AI ASICs, electronic design automation (EDA) software, edge AI silicon, and industrial factory robotics/automation."
SNPS,2026-07-27T05:19:49.487724+00:00,8679380000.0,71511785472.0,8.239273481746393,10.450262776332822,10.768170031229928,10.958914384168194,10731265170.0,0.23640918706174863,6.663872743720487,6843060983.495644,-0.21157260270945122,-0.44798178977119985,0.0,0.0,Forward Expectations Manageable,Already trades at or below its historical valuation norm (needs 0% growth) -- 24% forecast growth would be upside on top of an already-fair price.,10.450262776332822,Historical Median Tactical Anchor,low,2,quarterly,0.7347207980293523,0.09727768573331275,0.08909253886798366,2.8944783527597937,1.3247548769638477,2633795000.0,0.3034542789922782,3.4060571496557466,Solid,USD,USD,1.0,,0.15186745455184925,,0.02210142440098557,0.06871459059075802,0.0,,16004789000.0,,^GSPC,,,22.0,0.0,AI / SEMIS,0.1,Layer 2: Architecture & Robotics,0.004999999999999999,"Custom AI ASICs, electronic design automation (EDA) software, edge AI silicon, and industrial factory robotics/automation."
NOW,2026-07-27T05:19:49.487724+00:00,14732000000.0,102124888064.0,6.932180835188705,7.5076644097801575,7.530835213486068,7.544737695709613,19261750660.0,0.30747696578875927,5.301952551804032,13602750801.029806,-0.07665281013916603,-0.3841297759279253,0.0,0.0,Forward Expectations Manageable,Already trades at or below its historical valuation norm (needs 0% growth) -- 31% forecast growth would be upside on top of an already-fair price.,7.5076644097801575,Historical Median Tactical Anchor,low,2,quarterly,0.7476920988324736,0.11403746945424925,0.11335867499321206,1.7,20.240963855421686,4571000000.0,0.3102769481401032,2.737125748502994,Solid,USD,USD,1.0,,0.22376517864742618,,0.1211366085820979,0.010685774223744948,3406000000.0,,9784000000.0,,^GSPC,,,1.0,0.0,AI / SEMIS,0.1,Layer 3: Velocity Applications,0.003333333333333334,"Enterprise generative AI workflow automation, platform cybersecurity, and high-capacity mass cloud storage."
PANW,2026-07-27T05:19:49.487724+00:00,10606300000.0,263888863232.0,24.88038837596523,13.443512549676694,13.790370990523568,13.998486055031693,13810227820.0,0.30207780470097956,19.10821940604308,19629457870.9897,0.8507356826593346,0.5486578779583551,2.3320965108415956,64.49216709040493,Forward Expectations Stretched,"Needs 85% growth to look fairly valued by its own history, but analysts only expect 30% -- the price is asking for more growth than is currently forecast.",13.443512549676694,Historical Median Tactical Anchor,low,2,quarterly,0.7194120475566409,0.09618811461112735,0.07946220642448357,-0.14688925652980397,927.4545454545455,3793500000.0,0.35766478413772945,4.501067869008068,Solid,USD,USD,1.0,,0.18788250033170906,,0.14984752243575206,0.03776802381925615,0.0,,5117900000.0,,^GSPC,,,47.0,1.0,AI / SEMIS,0.1,Layer 3: Velocity Applications,0.003333333333333334,"Enterprise generative AI workflow automation, platform cybersecurity, and high-capacity mass cloud storage."
STX,2026-07-27T05:19:49.487724+00:00,11010000000.0,190973591552.0,17.34546698928247,7.59179704884076,8.164942865453922,8.508830355421818,16956618980.0,0.5401107157129883,11.262480555660867,25155255115.936085,1.284764315707183,0.7446535999941948,1.913290804824341,57.96032711138223,Forward Expectations Elevated,"Needs 128% growth to look fairly valued; analysts expect 54% -- covers part of what's required, but the price still leans on the forecast coming through.",7.59179704884076,Historical Median Tactical Anchor,low,2,quarterly,0.4154405086285195,0.2946412352406903,0.21598546775658492,0.936091386230318,10.996610169491525,2412000000.0,0.21907356948228882,1.0142977291841884,Solid,USD,USD,1.0,,-0.0794356906329795,,0.5092602901214219,0.004456916377196141,59000000.0,621000000.0,73000000.0,,^GSPC,,,3.0,1.0,AI / SEMIS,0.1,Layer 3: Velocity Applications,0.003333333333333334,"Enterprise generative AI workflow automation, platform cybersecurity, and high-capacity mass cloud storage."
ABB.NS,2026-07-27T05:19:49.487724+00:00,127929100000.0,1539302359040.0,12.03246453731012,9.275377372496202,9.703931243462252,9.961063566041881,162045248150.0,0.26668012320887113,9.499213192694906,165955766242.39722,0.2972479775312826,0.030567854322411492,1.1008703002919635,10.283620624195667,Forward Expectations Manageable,Needs 30% growth to look fairly valued by its own history; analysts expect 27% -- the bar is comfortably cleared if the forecast is anywhere close to right.,9.275377372496202,Historical Median Tactical Anchor,low,2,quarterly,0.38759516013166667,0.13892226240941272,0.23785596865763928,-0.6391553699502263,98.51552106430155,,,,Solid,INR,INR,1.0,,0.15414610570979437,,0.2204989657067256,0.0,,,,0.5490606341175355,^NSEI,-0.049937683308630354,0.5989983174261658,1.0,20.0,EM,0.07,Layer 1: INDIA,0.004,"Indian grid modernization, power transmission, agrochemicals, pharmaceuticals, and enterprise IT services."
SIEMENS.NS,2026-07-27T05:19:49.487724+00:00,179662000000.0,1319212810240.0,7.3427481061103625,6.162259098840366,6.243771714211076,6.292679283433501,240260735780.0,0.33729300453072986,5.49075489158564,214079412936.11847,0.19156757097281818,-0.14572543355791168,0.6030320994207404,0.0,Forward Expectations Manageable,Needs 19% growth to look fairly valued by its own history; analysts expect 34% -- the bar is comfortably cleared if the forecast is anywhere close to right.,6.162259098840366,Historical Median Tactical Anchor,low,2,quarterly,0.2870501274615667,0.09553494895971323,0.08656254522380916,-0.8491868541419617,58.982817869415804,,,,Solid,INR,INR,1.0,,0.03036545984675154,,0.1138698862671168,2.3400329718370472e-07,,,,0.28023496890117494,^NSEI,-0.049937683308630354,0.3301726522098053,2.0,5.0,EM,0.07,Layer 1: INDIA,0.004,"Indian grid modernization, power transmission, agrochemicals, pharmaceuticals, and enterprise IT services."
CGPOWER.NS,2026-07-27T05:19:49.487724+00:00,127759700000.0,1374829674496.0,10.761059038930117,9.874178720572129,10.438740684027847,10.777477862101279,198750463760.0,0.5556585038944206,6.917365869174362,139234837995.35074,0.08981813510325032,-0.4658403687911703,0.1946391532664949,0.0,Forward Expectations Manageable,Needs 9% growth to look fairly valued by its own history; analysts expect 56% -- the bar is comfortably cleared if the forecast is anywhere close to right.,9.874178720572129,Historical Median Tactical Anchor,low,2,quarterly,0.3094449971313333,0.11304816777121424,0.09647486648763264,-0.09730027136172303,111.1855273287144,,,,Solid,INR,INR,1.0,,0.2121582588674089,,0.13655475676156217,0.010324323318879669,,,,0.6485943610754692,^NSEI,-0.04996344009858955,0.6985578011740587,2.0,0.0,EM,0.07,Layer 1: INDIA,0.004,"Indian grid modernization, power transmission, agrochemicals, pharmaceuticals, and enterprise IT services."
PIIND.NS,2026-07-27T05:19:49.487724+00:00,67137000000.0,418360033280.0,6.23143770618288,6.72381635276043,6.925377678708889,7.046314474277965,86300973520.0,0.2854457828023296,4.847686140910638,62220621642.684265,-0.07322904445113332,-0.3586748272534629,0.0,0.0,Forward Expectations Manageable,Already trades at or below its historical valuation norm (needs 0% growth) -- 29% forecast growth would be upside on top of an already-fair price.,6.72381635276043,Historical Median Tactical Anchor,low,2,quarterly,0.577982334629191,0.19744701133503134,0.19673205534950922,0.027842008399792364,80.82926829268293,,,,Solid,INR,INR,1.0,,0.010809412788225226,,0.09393430533976233,6.727945518947287e-05,,,,-0.12548164592763034,^NSEI,-0.04996344009858955,-0.07551820582904079,2.0,15.0,EM,0.07,Layer 1: INDIA,0.004,"Indian grid modernization, power transmission, agrochemicals, pharmaceuticals, and enterprise IT services."
SUNPHARMA.NS,2026-07-27T05:19:49.487724+00:00,566304700000.0,4678462996480.0,8.261388253496749,7.281157499612606,7.343369527390914,7.380696744057898,729701207430.0,0.2885310812889246,6.411477669000299,642543853326.7434,0.13462567647194779,-0.1539054048169768,0.4982302355462787,0.0,Forward Expectations Manageable,Needs 13% growth to look fairly valued by its own history; analysts expect 29% -- the bar is comfortably cleared if the forecast is anywhere close to right.,7.281157499612606,Historical Median Tactical Anchor,low,2,quarterly,0.8022594550248303,0.22862868699482805,0.18561297478195043,-0.2961651968363378,44.9264374197578,,,,Solid,INR,INR,1.0,,0.10390670085310827,,0.13259172000676459,0.0,,,,0.20068981939142927,^NSEI,-0.04997934414058247,0.25066916353201174,7.0,20.0,EM,0.07,Layer 1: INDIA,0.004,"Indian grid modernization, power transmission, agrochemicals, pharmaceuticals, and enterprise IT services."
HCLTECH.NS,2026-07-27T05:19:49.487724+00:00,1327810000000.0,3509108867072.0,2.6427793638186188,2.583263672128645,2.7261157227237214,2.811826953080767,1508629623350.0,0.13617883835036637,2.3260241034375415,1358401352882.5906,0.023038953526928196,-0.11313988482343817,0.17840865253144378,0.0,Forward Expectations Manageable,"⚠ Revenue reported in USD but priced in INR, and no FX rate could be resolved -- P/S and margin figures for this ticker are UNRELIABLE, treat with caution. Needs 2% growth to look fairly valued by its own history; analysts expect 14% -- the bar is comfortably cleared if the forecast is anywhere close to right.",2.583263672128645,Historical Median Tactical Anchor,low,2,quarterly,0.41561669214721986,0.32105497021411195,0.12826383292790383,-0.10859876073486248,57.764227642276424,,,,Solid,USD,INR,,"Revenue reported in USD but priced in INR, and no FX rate could be resolved -- P/S and margin figures for this ticker are UNRELIABLE, treat with caution.",0.08654772035396308,,0.42614021319923423,-0.00019681419991934845,,,,-0.22403731133863714,^NSEI,-0.04997934414058247,-0.17405796719805466,7.0,11.0,EM,0.07,Layer 1: INDIA,0.004,"Indian grid modernization, power transmission, agrochemicals, pharmaceuticals, and enterprise IT services."
2222.SR,2026-07-27T05:19:49.487724+00:00,1720280000000.0,6434737094656.0,3.740517296402911,3.554398426127051,3.689536302826465,3.7706190288461134,1795862466970.0,0.043936142354732866,3.583090138028645,1810358975897.766,0.05236297341000662,0.008426831055273754,1.1869785857996826,16.093110277162715,Forward Expectations Manageable,Needs 5% growth to look fairly valued by its own history; analysts expect 4% -- the bar is comfortably cleared if the forecast is anywhere close to right.,3.554398426127051,Historical Median Tactical Anchor,low,2,quarterly,0.5125828353523845,0.446811565559095,0.21560966819354987,0.17840396991846116,55.791609203745374,301878000000.0,0.1754818982956263,0.8138869641879815,Solid,SAR,SAR,1.0,,-0.09655990750271326,,0.22922188582548741,-1.1491736533031371e-05,266000000.0,322414000000.0,2991000000.0,,^TASI.SR,-0.01758580041367197,,4.0,2.0,EM,0.07,Layer 2: GCC,0.007000000000000001,"Highly cash-generative regional energy, natural gas processing, water desalination, and telecom/digital infrastructure."
2082.SR,2026-07-27T05:19:49.487724+00:00,7776285000.0,146478186496.0,18.836524959669045,16.964959705627663,17.171978842688407,17.296190324924854,10784218090.0,0.3868084940302472,13.582643198937754,8634160589.689455,0.1103194635599718,-0.2764890304702754,0.32001883705944983,0.0,Forward Expectations Manageable,Needs 11% growth to look fairly valued by its own history; analysts expect 39% -- the bar is comfortably cleared if the forecast is anywhere close to right.,16.964959705627663,Historical Median Tactical Anchor,low,2,quarterly,0.48069161559793655,0.2988086213403958,0.23479270628584215,5.842722134893003,1.437879833292595,87062000.0,0.011195834514810092,0.04768391102055794,Watch: high leverage,SAR,SAR,1.0,,0.12006039736857121,,0.03811778888494361,0.012335714767262473,39981000.0,96206000.0,6470084000.0,,^TASI.SR,-0.01758580041367197,,0.0,0.0,EM,0.07,Layer 2: GCC,0.007000000000000001,"Highly cash-generative regional energy, natural gas processing, water desalination, and telecom/digital infrastructure."
7010.SR,2026-07-27T05:19:49.487724+00:00,78547833000.0,215060676608.0,2.7379581128355253,2.669228748122273,2.6697195705117034,2.6700140639453616,85521793750.0,0.08878616358518765,2.5146885627384306,80570343309.57552,0.025748772847438373,-0.06303739073774928,0.29886927595080076,0.0,Forward Expectations Manageable,Needs 3% growth to look fairly valued by its own history; analysts expect 9% -- the bar is comfortably cleared if the forecast is anywhere close to right.,2.669228748122273,Historical Median Tactical Anchor,low,2,quarterly,0.48854022490983295,0.1847510930059649,0.18937968664266014,0.19710076212771138,12.475572485615324,9718723000.0,0.12372999519923102,0.6533435417109793,Solid,SAR,SAR,1.0,,0.04891486057777228,,0.16153229782008807,0.0005095574994533614,,20958754000.0,7563000.0,,^TASI.SR,-0.01758580041367197,,2.0,1.0,EM,0.07,Layer 2: GCC,0.007000000000000001,"Highly cash-generative regional energy, natural gas processing, water desalination, and telecom/digital infrastructure."
TLK,2026-07-27T05:19:49.487724+00:00,147292000000000.0,14232471552.0,9.662759384080602e-05,0.00012465473096375478,0.0001289383324412264,0.00013150849332770937,153780427080000.0,0.044051456155120405,9.25506049257878e-05,114175141544674.33,-0.2248381341507052,-0.2688895903058256,0.0,0.0,Forward Expectations Manageable,"⚠ Revenue reported in IDR but priced in USD, and no FX rate could be resolved -- P/S and margin figures for this ticker are UNRELIABLE, treat with caution. Already trades at or below its historical valuation norm (needs 0% growth) -- 4% forecast growth would be upside on top of an already-fair price.",0.00012465473096375478,Historical Median Tactical Anchor,low,2,quarterly,0.6639668142193738,0.22515139994025474,0.10876354452380306,0.4308886923842158,6.750050885406066,39422000000000.0,0.26764522173641475,2.4607990012484393,Solid,IDR,USD,,"Revenue reported in IDR but priced in USD, and no FX rate could be resolved -- P/S and margin figures for this ticker are UNRELIABLE, treat with caution.",-0.0012778871708397643,,0.15657566394462202,-3.0101181457964366e-05,639000000000.0,0.0,,,^GSPC,,,0.0,1.0,EM,0.07,Layer 3: Other Jurisdiction,0.0017500000000000003,"Resource-rich emerging markets (Brazil/Indonesia), proxy ETFs, and dominant international infrastructure/telecom operators."
VALE,2026-07-27T05:19:49.487724+00:00,39542000000.0,62942728192.0,1.591794248950483,1.6225851150679642,1.6825282300324969,1.7184940990112165,41285000420.0,0.044079723332153264,1.5245907121635436,38791634169.13483,-0.01897642584758419,-0.06305614917973745,0.0,0.0,Forward Expectations Manageable,"⚠ Revenue reported in BRL but priced in USD, and no FX rate could be resolved -- P/S and margin figures for this ticker are UNRELIABLE, treat with caution. Already trades at or below its historical valuation norm (needs 0% growth) -- 4% forecast growth would be upside on top of an already-fair price.",1.6225851150679642,Historical Median Tactical Anchor,low,2,quarterly,0.3508421425319913,0.29416822618987404,0.07210055131252845,1.599663425579656,4.85678496868476,3075000000.0,0.07776541399018765,1.0785689231848474,Solid,BRL,USD,,"Revenue reported in BRL but priced in USD, and no FX rate could be resolved -- P/S and margin figures for this ticker are UNRELIABLE, treat with caution.",-0.04316988050205395,,0.11830906587675748,-0.01619473612884581,74000000.0,4327000000.0,53000000.0,,^GSPC,,,3.0,2.0,EM,0.07,Layer 3: Other Jurisdiction,0.0017500000000000003,"Resource-rich emerging markets (Brazil/Indonesia), proxy ETFs, and dominant international infrastructure/telecom operators."
CSUAY,2026-07-27T05:19:49.487724+00:00,290271000000.0,120105238528.0,0.41376933461489435,0.060720906967398125,0.06411234747736286,0.0661472117833417,334726258050.0,0.15315087642237768,0.3588163032912081,1977988217344.7463,5.8142811970356885,5.661130320613311,13.466991799389108,97.3659533959166,Forward Expectations Stretched,"⚠ Revenue reported in CNY but priced in USD, and no FX rate could be resolved -- P/S and margin figures for this ticker are UNRELIABLE, treat with caution. Needs 581% growth to look fairly valued by its own history, but analysts only expect 15% -- the price is asking for more growth than is currently forecast.",0.060720906967398125,Historical Median Tactical Anchor,low,2,quarterly,0.3413258644508063,0.23408125510298997,0.1691695002256512,0.08666193376427656,28.81552162849873,19456000000.0,0.06702701957825619,0.3962121983504735,Solid,CNY,USD,,"Revenue reported in CNY but priced in USD, and no FX rate could be resolved -- P/S and margin figures for this ticker are UNRELIABLE, treat with caution.",-0.05051267911068136,,0.16218320255626567,0.0,,21647000000.0,91638000000.0,,^GSPC,,,,,EM,0.07,Layer 3: Other Jurisdiction,0.0017500000000000003,"Resource-rich emerging markets (Brazil/Indonesia), proxy ETFs, and dominant international infrastructure/telecom operators."
NVO,2026-07-27T05:19:49.487724+00:00,327800000000.0,215702667264.0,0.6580313217327639,0.4767813886824991,0.5263245707647267,0.5560504800140633,300213387560.0,-0.08415684087858455,0.7184978292178597,452414193137.9832,0.3801531212263063,0.46430996210489084,,100.0,Forward Expectations Stretched,"⚠ Revenue reported in DKK but priced in USD, and no FX rate could be resolved -- P/S and margin figures for this ticker are UNRELIABLE, treat with caution. Needs 38% growth to look fairly valued by its own history, but analysts only expect -8% -- the price is asking for more growth than is currently forecast.",0.4767813886824991,Historical Median Tactical Anchor,low,2,quarterly,0.8184990848078096,0.4529743746186699,0.3720469798657718,0.6899581359480005,16.080246913580247,30890000000.0,0.09423428920073215,0.2532859942438728,Solid,DKK,USD,,"Revenue reported in DKK but priced in USD, and no FX rate could be resolved -- P/S and margin figures for this ticker are UNRELIABLE, treat with caution.",0.2042851902310494,,0.33554021354927066,-0.004189614448692369,2400000000.0,51801000000.0,1048000000.0,,^GSPC,,,2.0,3.0,Business & Futuristic Overlay,0.06,"Health, Biotech & Longevity",0.018,"Metabolic healthcare, oncology and rare disease therapeutics, robotic-assisted surgery, and life-sciences tools/reagents."
AZN,2026-07-27T05:19:49.487724+00:00,60439000000.0,262501416960.0,4.343245536160426,4.994415400965055,5.108005087962894,5.176158900161598,66777068450.0,0.10486719585036153,3.931011394376358,52558987566.24803,-0.1303795965147002,-0.23524679236506174,0.0,0.0,Forward Expectations Manageable,Already trades at or below its historical valuation norm (needs 0% growth) -- 10% forecast growth would be upside on top of an already-fair price.,4.994415400965055,Historical Median Tactical Anchor,low,2,quarterly,0.8168401197902017,0.23685037806714207,0.17189232118334188,1.3025301442972919,8.18,7747000000.0,0.1281788249309221,0.7456925594378669,Solid,USD,USD,1.0,,0.09818214247884915,,0.15250295665217303,0.00020651088011169882,,4911000000.0,1159000000.0,,^GSPC,,,0.0,2.0,Business & Futuristic Overlay,0.06,"Health, Biotech & Longevity",0.015,"Metabolic healthcare, oncology and rare disease therapeutics, robotic-assisted surgery, and life-sciences tools/reagents."
ISRG,2026-07-27T05:19:49.487724+00:00,11034400000.0,120918843392.0,10.958352370042775,14.568964645755985,14.937346842338531,15.158376160288057,13239642400.0,0.19985159138693542,9.1330898326982,8299755427.52273,-0.2478290230984258,-0.44768061448536123,0.0,0.0,Forward Expectations Manageable,Already trades at or below its historical valuation norm (needs 0% growth) -- 20% forecast growth would be upside on top of an already-fair price.,14.568964645755985,Historical Median Tactical Anchor,low,2,quarterly,0.6667875009062568,0.3127673457550932,0.28445588341912564,,,3222600000.0,0.2920503153773653,1.0266981011851664,Solid,USD,USD,1.0,,0.17386716793068868,,0.17594334912682336,0.004833740166297007,3557800000.0,,494900000.0,,^GSPC,,,2.0,0.0,Business & Futuristic Overlay,0.06,"Health, Biotech & Longevity",0.015,"Metabolic healthcare, oncology and rare disease therapeutics, robotic-assisted surgery, and life-sciences tools/reagents."
TMO,2026-07-27T05:19:49.487724+00:00,45196000000.0,211177619456.0,4.672484721125763,4.562338563792981,4.825030702639134,4.982645985946826,50275731970.0,0.11239339698203388,4.200388759770055,46287143425.067024,0.02414247776500189,-0.08825091921703199,0.2239675168639331,0.0,Forward Expectations Manageable,Needs 2% growth to look fairly valued by its own history; analysts expect 11% -- the bar is comfortably cleared if the forecast is anywhere close to right.,4.562338563792981,Historical Median Tactical Anchor,low,2,quarterly,0.40782370121249667,0.18158686609434463,0.1515178334365873,3.409980346919593,5.5829931972789115,6748000000.0,0.1493052482520577,0.9853971962616822,Watch: high leverage,USD,USD,1.0,,-0.0026639607700198464,,0.09046263222838728,-0.012349028654067284,4000000000.0,649000000.0,8872000000.0,,^GSPC,,,2.0,1.0,Business & Futuristic Overlay,0.06,"Health, Biotech & Longevity",0.012,"Metabolic healthcare, oncology and rare disease therapeutics, robotic-assisted surgery, and life-sciences tools/reagents."
